{
  "rmse": 18443.695679304983,
  "mae": 11761.013205877913,
  "r2": 0.9460628962415151,
  "mape": 6.9116259917617855
}